lakeID,siteName,dateSample,dateTimeSample,depthClass,depthTop,depthBottom,subsampleClass,CH4_uM,CO2_uM,year,doy
EL,DeepHole,5/14/14,5/14/14 11:07,point,8,8,DIC,0.017178116,248.7843903,2014,134
EL,DeepHole,5/14/14,5/14/14 11:07,point,8,8,DIC,0.034656436,23.45235134,2014,134
WL,DeepHole,5/14/14,5/14/14 9:25,point,8,8,DIC,0.030211805,351.003192,2014,134
WL,DeepHole,5/14/14,5/14/14 9:25,point,8,8,DIC,0.029186226,293.4477186,2014,134
MO,DeepHole,5/15/14,5/15/14 8:45,point,5,5,DIC,101.3077129,1837.575937,2014,135
MO,DeepHole,5/15/14,5/15/14 8:45,point,5,5,DIC,101.1847327,1861.525104,2014,135
CR,DeepHole,5/16/14,5/16/14 8:55,point,10,10,DIC,0.07851431,219.5084272,2014,136
CR,DeepHole,5/16/14,5/16/14 8:55,point,10,10,DIC,0.061215957,219.3641286,2014,136
HB,DeepHole,5/16/14,5/16/14 10:25,point,5,5,DIC,134.33682,849.0086851,2014,136
HB,DeepHole,5/16/14,5/16/14 10:25,point,5,5,DIC,119.8683925,758.0031099,2014,136
EL,DeepHole,5/20/15,5/20/15 10:45,point,8,8,DIC,0.072943225,406.0661878,2015,140
EL,DeepHole,5/20/15,5/20/15 10:45,point,8,8,DIC,0.07601952,443.5684925,2015,140
WL,DeepHole,5/20/15,5/20/15 9:15,point,8,8,DIC,0.438677855,428.0502974,2015,140
WL,DeepHole,5/20/15,5/20/15 9:15,point,8,8,DIC,0.318016428,297.8257932,2015,140
HB,DeepHole,5/21/15,5/21/15 10:30,point,5,5,DIC,61.37415883,649.9569616,2015,141
HB,DeepHole,5/21/15,5/21/15 10:30,point,5,5,DIC,76.3451407,788.6737068,2015,141
MO,DeepHole,5/22/15,5/22/15 9:00,point,5,5,DIC,0.978252658,1056.532992,2015,142
MO,DeepHole,5/22/15,5/22/15 9:00,point,5,5,DIC,0.886278415,1043.811399,2015,142
HB,DeepHole,5/26/14,5/26/14 11:20,point,5,5,DIC,159.7229533,898.8241448,2014,146
HB,DeepHole,5/26/14,5/26/14 11:20,point,5,5,DIC,156.2648571,888.1170085,2014,146
CR,DeepHole,5/27/14,5/27/14 11:35,point,10,10,DIC,0.042015532,238.3221245,2014,147
CR,DeepHole,5/27/14,5/27/14 11:35,point,10,10,DIC,0.046607415,245.5145245,2014,147
MO,DeepHole,5/27/14,5/27/14 9:15,point,5,5,DIC,147.1444715,2174.848003,2014,147
MO,DeepHole,5/27/14,5/27/14 9:15,point,5,5,DIC,139.6834332,2062.811157,2014,147
EL,DeepHole,5/27/15,5/27/15 10:30,point,8,8,DIC,3.743292575,441.8678682,2015,147
EL,DeepHole,5/27/15,5/27/15 10:30,point,8,8,DIC,3.348761234,444.5043705,2015,147
WL,DeepHole,5/27/15,5/27/15 9:00,point,8,8,DIC,10.25193978,535.7310615,2015,147
WL,DeepHole,5/27/15,5/27/15 9:00,point,8,8,DIC,10.3260544,521.9581433,2015,147
EL,DeepHole,5/28/14,5/28/14 10:20,point,8,8,DIC,0.075557625,645.2215987,2014,148
WL,DeepHole,5/28/14,5/28/14 9:05,point,8,8,DIC,22.80749674,614.6448178,2014,148
WL,DeepHole,5/28/14,5/28/14 9:05,point,8,8,DIC,27.34430397,642.7041055,2014,148
CR,DeepHole,6/1/15,6/1/15 9:20,point,10,10,DIC,0.190103007,257.199619,2015,152
CR,DeepHole,6/1/15,6/1/15 9:20,point,10,10,DIC,0.182527787,281.6836785,2015,152
HB,DeepHole,6/2/15,6/2/15 9:30,point,5,5,DIC,65.94431199,605.6403115,2015,153
HB,DeepHole,6/2/15,6/2/15 9:30,point,5,5,DIC,56.26529959,563.6092556,2015,153
EL,DeepHole,6/3/15,6/3/15 11:15,point,8,8,DIC,13.06911343,481.5805613,2015,154
EL,DeepHole,6/3/15,6/3/15 11:15,point,8,8,DIC,11.55098963,470.5556369,2015,154
WL,DeepHole,6/3/15,6/3/15 9:30,point,8,8,DIC,10.42997163,446.9509168,2015,154
WL,DeepHole,6/3/15,6/3/15 9:30,point,8,8,DIC,12.37784826,472.2422209,2015,154
EL,DeepHole,6/4/14,6/4/14 10:30,point,8,8,DIC,0.21966368,541.855867,2014,155
EL,DeepHole,6/4/14,6/4/14 10:30,point,8,8,DIC,0.214386317,551.1447867,2014,155
WL,DeepHole,6/4/14,6/4/14 8:50,point,8,8,DIC,7.802228376,2.086867426,2014,155
WL,DeepHole,6/4/14,6/4/14 8:50,point,8,8,DIC,6.794291999,511.4882449,2014,155
MO,DeepHole,6/4/15,6/4/15 9:30,point,5,5,DIC,64.49106655,1383.576077,2015,155
MO,DeepHole,6/4/15,6/4/15 9:30,point,5,5,DIC,59.88714031,2.33542305,2015,155
CR,DeepHole,6/5/14,6/5/14 10:00,point,10,10,DIC,0.052478269,367.2569854,2014,156
CR,DeepHole,6/5/14,6/5/14 10:00,point,10,10,DIC,0.048254685,359.1516839,2014,156
HB,DeepHole,6/5/14,6/5/14 8:45,point,5,5,DIC,127.899561,900.8461043,2014,156
HB,DeepHole,6/5/14,6/5/14 8:45,point,5,5,DIC,137.1811188,978.4722731,2014,156
MO,DeepHole,6/6/14,6/6/14 8:45,point,5,5,DIC,142.6521277,2011.693188,2014,157
MO,DeepHole,6/6/14,6/6/14 8:45,point,5,5,DIC,134.434645,1941.867926,2014,157
CR,DeepHole,6/10/14,6/10/14 9:00,point,10,10,DIC,0.067652307,268.4393557,2014,161
CR,DeepHole,6/10/14,6/10/14 9:00,point,10,10,DIC,0.078031056,258.4436159,2014,161
HB,DeepHole,6/10/14,6/10/14 12:25,point,5,5,DIC,144.5523043,900.8869501,2014,161
HB,DeepHole,6/10/14,6/10/14 12:25,point,5,5,DIC,148.7091506,903.2119496,2014,161
EL,DeepHole,6/10/15,6/10/15 10:00,point,8,8,DIC,30.11478761,465.5493483,2015,161
EL,DeepHole,6/10/15,6/10/15 10:00,point,8,8,DIC,22.81682744,337.8287616,2015,161
WL,DeepHole,6/10/15,6/10/15 8:50,point,8,8,DIC,22.61242164,472.5617947,2015,161
WL,DeepHole,6/10/15,6/10/15 8:50,point,8,8,DIC,23.88707541,489.5692944,2015,161
EL,DeepHole,6/11/14,6/11/14 11:45,point,8,8,DIC,0.439412293,515.112457,2014,162
EL,DeepHole,6/11/14,6/11/14 11:45,point,8,8,DIC,0.428291854,525.8958678,2014,162
WL,DeepHole,6/11/14,6/11/14 10:15,point,8,8,DIC,7.660045322,507.9359972,2014,162
WL,DeepHole,6/11/14,6/11/14 10:15,point,8,8,DIC,8.651248847,551.6710591,2014,162
MO,DeepHole,6/13/14,6/13/14 8:55,point,5,5,DIC,180.4724242,1911.733218,2014,164
MO,DeepHole,6/13/14,6/13/14 8:55,point,5,5,DIC,163.7324054,1778.655833,2014,164
HB,DeepHole,6/15/15,6/15/15 9:15,point,5,5,DIC,83.65367908,525.3022785,2015,166
HB,DeepHole,6/15/15,6/15/15 9:15,point,5,5,DIC,80.24389221,498.2617587,2015,166
CR,DeepHole,6/16/15,6/16/15 8:45,point,10,10,DIC,0.11051031,267.2571229,2015,167
CR,DeepHole,6/16/15,6/16/15 8:45,point,10,10,DIC,0.132351195,261.7593843,2015,167
CR,DeepHole,6/17/14,6/17/14 10:45,point,10,10,DIC,0.045549283,311.3056831,2014,168
CR,DeepHole,6/17/14,6/17/14 10:45,point,10,10,DIC,0.0335209,351.6863267,2014,168
HB,DeepHole,6/17/14,6/17/14 9:15,point,5,5,DIC,204.6490576,930.5414063,2014,168
HB,DeepHole,6/17/14,6/17/14 9:15,point,5,5,DIC,166.7650568,779.4842291,2014,168
EL,DeepHole,6/17/15,6/17/15 11:30,point,8,8,DIC,20.20794304,424.9531683,2015,168
EL,DeepHole,6/17/15,6/17/15 11:30,point,8,8,DIC,22.55440368,435.5898849,2015,168
WL,DeepHole,6/17/15,6/17/15 10:00,point,8,8,DIC,23.43087084,447.1816926,2015,168
WL,DeepHole,6/17/15,6/17/15 10:00,point,8,8,DIC,22.35352622,441.9643767,2015,168
EL,DeepHole,6/18/14,6/18/14 10:35,point,8,8,DIC,19.31189771,651.8336926,2014,169
EL,DeepHole,6/18/14,6/18/14 10:35,point,8,8,DIC,20.98430617,650.3891602,2014,169
WL,DeepHole,6/18/14,6/18/14 9:20,point,8,8,DIC,14.99120178,613.4655031,2014,169
WL,DeepHole,6/18/14,6/18/14 9:20,point,8,8,DIC,13.53340931,3.829789232,2014,169
MO,DeepHole,6/18/15,6/18/15 10:15,point,6,6,DIC,79.76235951,1395.709317,2015,169
MO,DeepHole,6/18/15,6/18/15 10:15,point,6,6,DIC,63.85808563,1309.896065,2015,169
MO,DeepHole,6/19/14,6/19/14 8:35,point,5,5,DIC,170.2550884,2043.816304,2014,170
MO,DeepHole,6/19/14,6/19/14 8:35,point,5,5,DIC,188.9360268,2292.76624,2014,170
CR,DeepHole,6/24/14,6/24/14 10:20,point,10,10,DIC,0.211966535,280.9225946,2014,175
CR,DeepHole,6/24/14,6/24/14 10:20,point,10,10,DIC,0.156549099,269.8325759,2014,175
HB,DeepHole,6/24/14,6/24/14 8:55,point,5,5,DIC,171.6600824,827.0873311,2014,175
HB,DeepHole,6/24/14,6/24/14 8:55,point,5,5,DIC,178.1638911,3.230712896,2014,175
EL,DeepHole,6/24/15,6/24/15 10:30,point,8,8,DIC,44.4767925,532.0553863,2015,175
EL,DeepHole,6/24/15,6/24/15 10:30,point,8,8,DIC,45.49535892,551.1271642,2015,175
WL,DeepHole,6/24/15,6/24/15 9:00,point,8,8,DIC,14.25050799,360.9207148,2015,175
WL,DeepHole,6/24/15,6/24/15 9:00,point,8,8,DIC,25.68764589,456.1888231,2015,175
EL,DeepHole,6/25/14,6/25/14 10:30,point,8,8,DIC,34.95467247,487.62714,2014,176
EL,DeepHole,6/25/14,6/25/14 10:30,point,8,8,DIC,33.97998528,488.1805395,2014,176
WL,DeepHole,6/25/14,6/25/14 8:40,point,8,8,DIC,30.43806196,424.8866105,2014,176
WL,DeepHole,6/25/14,6/25/14 8:40,point,8,8,DIC,30.48043966,425.2611488,2014,176
MO,DeepHole,6/26/14,6/26/14 8:55,point,0,5,DIC,165.8935647,2.172853832,2014,177
MO,DeepHole,6/26/14,6/26/14 8:55,point,0,5,DIC,185.2215459,2089.095467,2014,177
CR,DeepHole,6/29/15,6/29/15 8:45,point,10,10,DIC,0.124064589,406.8862601,2015,180
CR,DeepHole,6/29/15,6/29/15 8:45,point,10,10,DIC,0.126568039,337.5833211,2015,180
HB,DeepHole,6/30/15,6/30/15 9:00,point,5,5,DIC,3.55605348,129.7908771,2015,181
HB,DeepHole,6/30/15,6/30/15 9:00,point,5,5,DIC,111.6784446,622.4116628,2015,181
CR,DeepHole,7/1/14,7/1/14 10:30,point,10,10,DIC,0.039193481,433.8234546,2014,182
CR,DeepHole,7/1/14,7/1/14 10:30,point,10,10,DIC,0.038533487,412.806536,2014,182
HB,DeepHole,7/1/14,7/1/14 8:50,point,5,5,DIC,187.3353445,968.4982804,2014,182
HB,DeepHole,7/1/14,7/1/14 8:50,point,5,5,DIC,180.5272959,951.438786,2014,182
EL,DeepHole,7/1/15,7/1/15 12:00,point,8,8,DIC,1.375680717,84.14916623,2015,182
EL,DeepHole,7/1/15,7/1/15 12:00,point,8,8,DIC,31.25415299,342.6905581,2015,182
WL,DeepHole,7/1/15,7/1/15 9:00,point,8,8,DIC,4.311458086,130.9571487,2015,182
WL,DeepHole,7/1/15,7/1/15 9:00,point,8,8,DIC,10.76200304,2.297101145,2015,182
EL,DeepHole,7/2/14,7/2/14 10:15,point,8,8,DIC,25.26436042,479.1379407,2014,183
EL,DeepHole,7/2/14,7/2/14 10:15,point,8,8,DIC,24.98923471,477.495925,2014,183
WL,DeepHole,7/2/14,7/2/14 9:00,point,8,8,DIC,39.77390975,482.8914695,2014,183
WL,DeepHole,7/2/14,7/2/14 9:00,point,8,8,DIC,41.29462128,516.4437876,2014,183
MO,DeepHole,7/2/15,7/2/15 10:15,point,6,6,DIC,127.8178632,1397.177203,2015,183
MO,DeepHole,7/2/15,7/2/15 10:15,point,6,6,DIC,0.228947365,34.0371485,2015,183
MO,DeepHole,7/3/14,7/3/14 8:45,point,5,5,DIC,203.3780092,2.64691046,2014,184
MO,DeepHole,7/3/14,7/3/14 8:45,point,5,5,DIC,188.6507292,2045.722071,2014,184
EL,DeepHole,7/8/15,7/8/15 10:40,point,8,8,DIC,83.05580731,671.4390342,2015,189
EL,DeepHole,7/8/15,7/8/15 10:40,point,8,8,DIC,0.157847692,28.44088889,2015,189
WL,DeepHole,7/8/15,7/8/15 8:45,point,8,8,DIC,51.23811006,532.3197162,2015,189
WL,DeepHole,7/8/15,7/8/15 8:45,point,8,8,DIC,48.74990494,502.6023452,2015,189
EL,DeepHole,7/9/14,7/9/14 10:20,point,8,8,DIC,42.98949898,604.8547832,2014,190
EL,DeepHole,7/9/14,7/9/14 10:20,point,8,8,DIC,41.15571988,568.4747214,2014,190
WL,DeepHole,7/9/14,7/9/14 9:10,point,8,8,DIC,47.41645012,615.5808843,2014,190
WL,DeepHole,7/9/14,7/9/14 9:10,point,8,8,DIC,47.49824235,622.5175064,2014,190
CR,DeepHole,7/10/14,7/10/14 10:25,point,10,10,DIC,0.186538397,364.903777,2014,191
CR,DeepHole,7/10/14,7/10/14 10:25,point,10,10,DIC,0.179931247,366.8936203,2014,191
HB,DeepHole,7/10/14,7/10/14 8:45,point,5,5,DIC,151.1247298,884.1116227,2014,191
HB,DeepHole,7/10/14,7/10/14 8:45,point,5,5,DIC,183.1479781,1084.273201,2014,191
MO,DeepHole,7/11/14,7/11/14 8:50,point,5,5,DIC,265.8582292,2392.044224,2014,192
MO,DeepHole,7/11/14,7/11/14 8:50,point,5,5,DIC,251.1055165,2058.64318,2014,192
CR,DeepHole,7/13/15,7/13/15 9:00,point,10,10,DIC,0.286886469,343.8661411,2015,194
CR,DeepHole,7/13/15,7/13/15 9:00,point,10,10,DIC,0.356751961,443.9685258,2015,194
HB,DeepHole,7/14/15,7/14/15 8:30,point,5,5,DIC,158.4453962,731.1994073,2015,195
HB,DeepHole,7/14/15,7/14/15 8:30,point,5,5,DIC,136.7980521,699.7804773,2015,195
CR,DeepHole,7/15/14,7/15/14 10:15,point,10,10,DIC,0.21805131,664.087694,2014,196
CR,DeepHole,7/15/14,7/15/14 10:15,point,10,10,DIC,0.116879455,559.2406745,2014,196
HB,DeepHole,7/15/14,7/15/14 14:30,point,5,5,DIC,185.8454411,1008.668436,2014,196
HB,DeepHole,7/15/14,7/15/14 14:30,point,5,5,DIC,143.375002,2.661618661,2014,196
EL,DeepHole,7/15/15,7/15/15 9:45,point,8,8,DIC,10.61059866,337.440278,2015,196
EL,DeepHole,7/15/15,7/15/15 9:45,point,8,8,DIC,13.37546525,365.3066981,2015,196
WL,DeepHole,7/15/15,7/15/15 8:30,point,8,8,DIC,34.29347095,419.6729752,2015,196
WL,DeepHole,7/15/15,7/15/15 8:30,point,8,8,DIC,42.73903559,482.8703081,2015,196
EL,DeepHole,7/16/14,7/16/14 10:00,point,8,8,DIC,7.851064055,446.667283,2014,197
EL,DeepHole,7/16/14,7/16/14 10:00,point,8,8,DIC,19.6997563,581.7820724,2014,197
WL,DeepHole,7/16/14,7/16/14 8:45,point,8,8,DIC,51.5636971,612.3248737,2014,197
WL,DeepHole,7/16/14,7/16/14 8:45,point,8,8,DIC,55.79837701,683.2807554,2014,197
MO,DeepHole,7/16/15,7/16/15 8:45,point,6,6,DIC,258.0643757,1725.234399,2015,197
MO,DeepHole,7/16/15,7/16/15 8:45,point,6,6,DIC,260.4101786,1716.841233,2015,197
MO,DeepHole,7/17/14,7/17/14 8:45,point,5,5,DIC,237.1386535,491.1910596,2014,198
MO,DeepHole,7/17/14,7/17/14 8:45,point,5,5,DIC,264.5527407,533.2209576,2014,198
CR,DeepHole,7/21/14,7/21/14 11:45,point,10,10,DIC,0.239394725,1.538138393,2014,202
CR,DeepHole,7/21/14,7/21/14 11:45,point,10,10,DIC,0.233758428,287.9096382,2014,202
HB,DeepHole,7/21/14,7/21/14 8:50,point,5,5,DIC,186.0893839,829.6444275,2014,202
HB,DeepHole,7/21/14,7/21/14 8:50,point,5,5,DIC,175.8144612,803.8467852,2014,202
EL,DeepHole,7/23/14,7/23/14 10:20,point,8,8,DIC,48.02573643,1.517773192,2014,204
EL,DeepHole,7/23/14,7/23/14 10:20,point,8,8,DIC,47.21352347,699.2016055,2014,204
WL,DeepHole,7/23/14,7/23/14 9:15,point,8,8,DIC,65.46708467,752.7666695,2014,204
WL,DeepHole,7/23/14,7/23/14 9:15,point,8,8,DIC,64.47103905,714.4388499,2014,204
MO,DeepHole,7/24/14,7/24/14 10:05,point,5,5,DIC,215.2223291,2316.404627,2014,205
MO,DeepHole,7/24/14,7/24/14 10:05,point,5,5,DIC,226.2384946,2383.868406,2014,205
CR,DeepHole,7/27/15,7/27/15 8:45,point,10,10,DIC,0.663553826,315.6979119,2015,208
CR,DeepHole,7/27/15,7/27/15 8:45,point,10,10,DIC,0.64700152,366.6147017,2015,208
HB,DeepHole,7/28/15,7/28/15 8:45,point,5,5,DIC,109.9053416,739.1772616,2015,209
HB,DeepHole,7/28/15,7/28/15 8:45,point,5,5,DIC,84.28841543,638.7545976,2015,209
CR,DeepHole,7/29/14,7/29/14 11:35,point,10,10,DIC,0.143980165,452.6231269,2014,210
CR,DeepHole,7/29/14,7/29/14 11:35,point,10,10,DIC,0.137415386,447.6731959,2014,210
HB,DeepHole,7/29/14,7/29/14 8:50,point,5,5,DIC,188.3074108,933.0772781,2014,210
HB,DeepHole,7/29/14,7/29/14 8:50,point,5,5,DIC,184.2587838,878.8652762,2014,210
EL,DeepHole,7/29/15,7/29/15 9:45,point,8,8,DIC,39.54969853,462.2521252,2015,210
EL,DeepHole,7/29/15,7/29/15 9:45,point,8,8,DIC,40.98990123,457.5990607,2015,210
WL,DeepHole,7/29/15,7/29/15 8:45,point,8,8,DIC,55.09012681,520.9475819,2015,210
WL,DeepHole,7/29/15,7/29/15 8:45,point,8,8,DIC,59.34928377,546.4109563,2015,210
EL,DeepHole,7/30/14,7/30/14 11:00,point,8,8,DIC,47.03504071,695.5586033,2014,211
EL,DeepHole,7/30/14,7/30/14 11:00,point,8,8,DIC,56.2461431,789.7203079,2014,211
WL,DeepHole,7/30/14,7/30/14 9:05,point,8,8,DIC,43.88821015,671.0079709,2014,211
WL,DeepHole,7/30/14,7/30/14 9:05,point,8,8,DIC,52.82108255,611.3857617,2014,211
WL,DeepHole,7/30/14,7/30/14 9:05,point,8,8,DIC,52.08962934,653.3981844,2014,211
WL,DeepHole,7/30/14,7/30/14 9:05,point,8,8,DIC,49.43244035,553.2355861,2014,211
WL,DeepHole,7/30/14,7/30/14 9:05,point,8,8,DIC,77.59952318,727.1813401,2014,211
WL,DeepHole,7/30/14,7/30/14 9:05,point,8,8,DIC,73.33074524,782.7266063,2014,211
WL,DeepHole,7/30/14,7/30/14 9:05,point,8,8,DIC,47.19954053,713.2591256,2014,211
WL,DeepHole,7/30/14,7/30/14 9:05,point,8,8,DIC,65.03357359,728.9493662,2014,211
MO,DeepHole,7/30/15,7/30/15 8:45,point,6,6,DIC,252.8220134,1568.195325,2015,211
MO,DeepHole,7/30/15,7/30/15 8:45,point,6,6,DIC,245.8659597,1578.195344,2015,211
MO,DeepHole,7/31/14,7/31/14 8:40,point,5,5,DIC,321.2640262,2384.96256,2014,212
MO,DeepHole,7/31/14,7/31/14 8:40,point,5,5,DIC,308.2986565,2253.652887,2014,212
CR,DeepHole,8/5/14,8/5/14 13:10,point,10,10,DIC,0.438851225,436.399736,2014,217
CR,DeepHole,8/5/14,8/5/14 13:10,point,10,10,DIC,0.540909901,565.9790916,2014,217
HB,DeepHole,8/5/14,8/5/14 10:25,point,5,5,DIC,115.2053052,3.786825215,2014,217
HB,DeepHole,8/5/14,8/5/14 10:25,point,5,5,DIC,186.6030542,1087.419577,2014,217
EL,DeepHole,8/6/14,8/6/14 11:40,point,8,8,DIC,15.48197549,5.065795384,2014,218
EL,DeepHole,8/6/14,8/6/14 11:40,point,8,8,DIC,16.6893776,430.1716456,2014,218
WL,DeepHole,8/6/14,8/6/14 10:10,point,8,8,DIC,61.98391666,596.9332959,2014,218
WL,DeepHole,8/6/14,8/6/14 10:10,point,8,8,DIC,66.7816925,629.6231367,2014,218
MO,DeepHole,8/7/14,8/7/14 9:00,point,5,5,DIC,244.449063,1892.69957,2014,219
MO,DeepHole,8/7/14,8/7/14 9:00,point,5,5,DIC,164.3654822,1274.238905,2014,219
CR,DeepHole,8/11/14,8/11/14 9:10,point,10,10,DIC,0.523983648,344.5281761,2014,223
CR,DeepHole,8/11/14,8/11/14 9:10,point,10,10,DIC,0.583518695,397.6675184,2014,223
HB,DeepHole,8/11/14,8/11/14 13:30,point,5,5,DIC,169.1493406,827.386734,2014,223
HB,DeepHole,8/11/14,8/11/14 13:30,point,5,5,DIC,190.4569385,908.1603803,2014,223
CR,DeepHole,8/11/15,8/11/15 9:45,point,8,8,DIC,0.208413922,393.9262824,2015,223
CR,DeepHole,8/11/15,8/11/15 9:45,point,8,8,DIC,0.204692028,408.4882507,2015,223
HB,DeepHole,8/11/15,8/11/15 11:20,point,5,5,DIC,155.9511412,859.5411898,2015,223
HB,DeepHole,8/11/15,8/11/15 11:20,point,5,5,DIC,165.5365344,935.9561001,2015,223
EL,DeepHole,8/12/14,8/12/14 10:25,point,8,8,DIC,68.33921355,578.9206365,2014,224
EL,DeepHole,8/12/14,8/12/14 10:25,point,8,8,DIC,60.37929278,542.2968915,2014,224
WL,DeepHole,8/12/14,8/12/14 8:50,point,8,8,DIC,65.03146314,529.6256093,2014,224
WL,DeepHole,8/12/14,8/12/14 8:50,point,8,8,DIC,52.31417689,475.4039506,2014,224
EL,DeepHole,8/12/15,8/12/15 10:25,point,8,8,DIC,50.15524739,544.3736639,2015,224
EL,DeepHole,8/12/15,8/12/15 10:25,point,8,8,DIC,53.49324869,575.2610056,2015,224
WL,DeepHole,8/12/15,8/12/15 8:20,point,8,8,DIC,55.23638611,585.53244,2015,224
WL,DeepHole,8/12/15,8/12/15 8:20,point,8,8,DIC,56.93674473,602.3868652,2015,224
MO,DeepHole,8/13/15,8/13/15 7:55,point,5,5,DIC,160.1722051,1368.325296,2015,225
MO,DeepHole,8/13/15,8/13/15 7:55,point,5,5,DIC,204.5199667,1695.728649,2015,225
MO,DeepHole,8/14/14,8/14/14 9:15,point,5,5,DIC,293.2775508,1952.065758,2014,226
MO,DeepHole,8/14/14,8/14/14 9:15,point,5,5,DIC,296.6070926,1950.300272,2014,226
EL,DeepHole,8/19/15,8/19/15 10:30,point,8,8,DIC,59.06537595,597.7210842,2015,231
EL,DeepHole,8/19/15,8/19/15 10:30,point,8,8,DIC,54.60682273,575.1864522,2015,231
WL,DeepHole,8/19/15,8/19/15 9:30,point,8,8,DIC,72.8751939,602.8219271,2015,231
WL,DeepHole,8/19/15,8/19/15 9:30,point,8,8,DIC,73.52646791,618.3332484,2015,231
EL,DeepHole,8/20/14,8/20/14 10:30,point,8,8,DIC,55.87204353,722.9179698,2014,232
EL,DeepHole,8/20/14,8/20/14 10:30,point,8,8,DIC,59.39919069,749.9731212,2014,232
WL,DeepHole,8/20/14,8/20/14 9:00,point,8,8,DIC,72.96246002,733.2497423,2014,232
WL,DeepHole,8/20/14,8/20/14 9:00,point,8,8,DIC,71.88230222,716.7130122,2014,232
MO,DeepHole,8/23/14,8/23/14 11:45,point,5,5,DIC,339.414216,2278.431748,2014,235
MO,DeepHole,8/23/14,8/23/14 11:45,point,5,5,DIC,345.0924614,2287.23489,2014,235
CR,DeepHole,8/24/14,8/24/14 13:00,point,10,10,DIC,6.970596484,540.365796,2014,236
CR,DeepHole,8/24/14,8/24/14 13:00,point,10,10,DIC,4.49483125,461.8232273,2014,236
HB,DeepHole,8/24/14,8/24/14 11:00,point,5,5,DIC,115.2058544,603.7670185,2014,236
HB,DeepHole,8/24/14,8/24/14 11:00,point,5,5,DIC,206.2721941,1021.410238,2014,236
EL,DeepHole,8/26/15,8/26/15 10:00,point,8,8,DIC,66.08113854,530.5124035,2015,238
EL,DeepHole,8/26/15,8/26/15 10:00,point,8,8,DIC,54.26702096,458.4010933,2015,238
WL,DeepHole,8/26/15,8/26/15 8:35,point,8,8,DIC,47.06050969,472.3225907,2015,238
WL,DeepHole,8/26/15,8/26/15 8:35,point,8,8,DIC,45.02275969,466.5711895,2015,238
EL,DeepHole,9/3/15,9/3/15 9:50,point,8,8,DIC,62.35393806,567.3136378,2015,246
EL,DeepHole,9/3/15,9/3/15 9:50,point,8,8,DIC,64.2140794,559.6049974,2015,246
WL,DeepHole,9/3/15,9/3/15 8:40,point,8,8,DIC,71.64714976,524.3844061,2015,246
WL,DeepHole,9/3/15,9/3/15 8:40,point,8,8,DIC,61.11025176,463.9355371,2015,246
EL,DeepHole,9/9/15,9/9/15 10:50,point,8,8,DIC,59.41733031,518.801549,2015,252
EL,DeepHole,9/9/15,9/9/15 10:50,point,8,8,DIC,67.35108366,560.2101139,2015,252
WL,DeepHole,9/9/15,9/9/15 9:25,point,8,8,DIC,85.08517207,649.6250826,2015,252
WL,DeepHole,9/9/15,9/9/15 9:25,point,8,8,DIC,90.41219327,664.6605422,2015,252
CR,DeepHole,5/26/16,5/26/16 8:40,point,10,10,DIC,0.012178653,1.353241105,2016,147
CR,DeepHole,5/26/16,5/26/16 8:40,point,10,10,DIC,0.01239157,209.0615553,2016,147
CR,DeepHole,6/21/16,6/21/16 9:00,point,8,8,DIC,0.015217916,80.63302824,2016,173
CR,DeepHole,6/21/16,6/21/16 9:00,point,8,8,DIC,0.013146929,82.96099066,2016,173
CR,DeepHole,7/18/16,7/18/16 10:00,point,8,8,DIC,0.335663685,1355.151624,2016,200
CR,DeepHole,7/18/16,7/18/16 10:00,point,8,8,DIC,0.243771849,940.894548,2016,200
CR,DeepHole,8/1/16,8/1/16 9:00,point,9,9,DIC,0.218485102,404.765427,2016,214
CR,DeepHole,8/1/16,8/1/16 9:00,point,9,9,DIC,0.233262465,392.5255025,2016,214
CR,DeepHole,9/14/16,9/14/16 9:00,point,8,8,DIC,0.214536923,402.0624993,2016,258
CR,DeepHole,9/14/16,9/14/16 9:00,point,8,8,DIC,0.073119589,21.5511838,2016,258
EL,DeepHole,5/24/16,5/24/16 10:45,point,8,8,DIC,21.69970327,706.8263041,2016,145
EL,DeepHole,5/24/16,5/24/16 10:45,point,8,8,DIC,20.09375547,1.006086244,2016,145
EL,DeepHole,5/31/16,5/31/16 10:00,point,8,8,DIC,0.352726678,288.5816156,2016,152
EL,DeepHole,5/31/16,5/31/16 10:00,point,8,8,DIC,0.263342764,122.0570655,2016,152
EL,DeepHole,6/7/16,6/7/16 10:05,point,8,8,DIC,13.45049186,566.0016196,2016,159
EL,DeepHole,6/7/16,6/7/16 10:05,point,8,8,DIC,11.55520272,563.4377315,2016,159
EL,DeepHole,6/14/16,6/14/16 9:45,point,8,8,DIC,0.025867697,17.85479612,2016,166
EL,DeepHole,6/14/16,6/14/16 9:45,point,8,8,DIC,9.461818151,501.5309048,2016,166
EL,DeepHole,6/28/16,6/28/16 9:45,point,8,8,DIC,56.69953856,821.8147318,2016,180
EL,DeepHole,6/28/16,6/28/16 9:45,point,8,8,DIC,55.34783784,792.9442127,2016,180
EL,DeepHole,7/12/16,7/12/16 10:15,point,8,8,DIC,38.96608231,665.2764712,2016,194
EL,DeepHole,7/12/16,7/12/16 10:15,point,8,8,DIC,44.95142507,738.4369904,2016,194
EL,DeepHole,7/19/16,7/19/16 0:00,point,8,8,DIC,29.69033502,367.3827459,2016,201
EL,DeepHole,7/19/16,7/19/16 0:00,point,8,8,DIC,34.99321093,426.6849119,2016,201
EL,DeepHole,7/26/16,7/26/16 10:15,point,8,8,DIC,15.3387729,325.8698427,2016,208
EL,DeepHole,7/26/16,7/26/16 10:15,point,8,8,DIC,25.76964886,427.894651,2016,208
EL,DeepHole,8/2/16,8/2/16 10:05,point,8,8,DIC,37.36350916,511.6726206,2016,215
EL,DeepHole,8/2/16,8/2/16 10:05,point,8,8,DIC,38.84038003,531.8131026,2016,215
EL,DeepHole,8/9/16,8/9/16 10:10,point,8,8,DIC,72.22396044,720.2088638,2016,222
EL,DeepHole,8/9/16,8/9/16 10:10,point,8,8,DIC,70.02324045,702.2836917,2016,222
EL,DeepHole,8/16/16,8/16/16 11:15,point,8,8,DIC,47.20998403,1131.81598,2016,229
EL,DeepHole,8/16/16,8/16/16 11:15,point,8,8,DIC,46.25875812,1113.813519,2016,229
EL,DeepHole,9/13/16,9/13/16 10:10,point,8,8,DIC,38.02610245,475.6342188,2016,257
EL,DeepHole,9/13/16,9/13/16 10:10,point,8,8,DIC,32.60255208,416.4739546,2016,257
HB,DeepHole,5/27/16,5/27/16 8:30,point,4.5,4.5,DIC,29.7160991,398.752794,2016,148
HB,DeepHole,5/27/16,5/27/16 8:30,point,4.5,4.5,DIC,23.12748401,340.9683872,2016,148
HB,DeepHole,6/10/16,6/10/16 9:30,point,5,5,DIC,101.5788091,612.5372768,2016,162
HB,DeepHole,6/10/16,6/10/16 9:30,point,5,5,DIC,55.12230953,383.5109708,2016,162
HB,DeepHole,7/29/16,7/29/16 8:45,point,5,5,DIC,140.5513233,766.7422476,2016,211
HB,DeepHole,7/29/16,7/29/16 8:45,point,5,5,DIC,149.9922776,793.3457749,2016,211
HB,DeepHole,9/14/16,9/14/16 11:05,point,5,5,DIC,105.8886318,610.4483067,2016,258
HB,DeepHole,9/14/16,9/14/16 11:05,point,5,5,DIC,106.6763568,617.0872172,2016,258
MO,DeepHole,5/23/16,5/23/16 9:20,point,5,5,DIC,162.5255126,2322.218115,2016,144
MO,DeepHole,5/23/16,5/23/16 9:20,point,5,5,DIC,147.6819559,2118.031193,2016,144
MO,DeepHole,6/6/16,6/6/16 9:15,point,4,4,DIC,83.93752236,735.8013573,2016,158
MO,DeepHole,6/6/16,6/6/16 9:15,point,4,4,DIC,78.91758855,1597.165648,2016,158
MO,DeepHole,6/23/16,6/23/16 8:50,point,4,4,DIC,281.3965235,2204.471399,2016,175
MO,DeepHole,6/23/16,6/23/16 8:50,point,4,4,DIC,260.6072469,2091.659158,2016,175
MO,DeepHole,7/20/16,7/20/16 9:15,point,4,4,DIC,174.1783501,3126.530027,2016,202
MO,DeepHole,9/14/16,9/14/16 13:05,point,3.5,3.5,DIC,364.4137486,2032.799956,2016,258
WL,DeepHole,5/24/16,5/24/16 9:20,point,8,8,DIC,5.079817226,535.1767031,2016,145
WL,DeepHole,5/24/16,5/24/16 9:20,point,8,8,DIC,3.61629958,487.0162747,2016,145
WL,DeepHole,5/31/16,5/31/16 9:00,point,8,8,DIC,3.921110538,374.5013365,2016,152
WL,DeepHole,5/31/16,5/31/16 9:00,point,8,8,DIC,2.556658593,308.2438663,2016,152
WL,DeepHole,6/7/16,6/7/16 8:30,point,8,8,DIC,0.315186051,537.2353382,2016,159
WL,DeepHole,6/7/16,6/7/16 8:30,point,8,8,DIC,0.381732305,572.4452279,2016,159
WL,DeepHole,6/14/16,6/14/16 8:30,point,8,8,DIC,5.976844405,523.2559721,2016,166
WL,DeepHole,6/14/16,6/14/16 8:30,point,8,8,DIC,16.98200363,605.0602812,2016,166
WL,DeepHole,6/20/16,6/20/16 8:40,point,8,8,DIC,17.2182454,443.742243,2016,172
WL,DeepHole,6/20/16,6/20/16 8:40,point,8,8,DIC,18.89649282,459.9527073,2016,172
WL,DeepHole,6/28/16,6/28/16 8:30,point,8,8,DIC,45.32115232,819.7479518,2016,180
WL,DeepHole,6/28/16,6/28/16 8:30,point,8,8,DIC,42.02908299,791.0562311,2016,180
WL,DeepHole,7/12/16,7/12/16 8:55,point,8,8,DIC,75.83569011,835.0812684,2016,194
WL,DeepHole,7/12/16,7/12/16 8:55,point,8,8,DIC,57.6825085,692.8240946,2016,194
WL,DeepHole,7/19/16,7/19/16 9:00,point,8,8,DIC,51.00311642,641.0585914,2016,201
WL,DeepHole,7/19/16,7/19/16 9:00,point,8,8,DIC,56.14812782,679.6210144,2016,201
WL,DeepHole,7/26/16,7/26/16 8:45,point,8,8,DIC,39.46766713,413.379097,2016,208
WL,DeepHole,7/26/16,7/26/16 8:45,point,8,8,DIC,36.74992421,429.30367,2016,208
WL,DeepHole,8/2/16,8/2/16 8:50,point,8,8,DIC,39.70345434,502.1928417,2016,215
WL,DeepHole,8/2/16,8/2/16 8:50,point,8,8,DIC,36.32583078,488.6634266,2016,215
WL,DeepHole,8/9/16,8/9/16 8:50,point,8,8,DIC,106.5749674,783.9053083,2016,222
WL,DeepHole,8/9/16,8/9/16 8:50,point,8,8,DIC,102.0230401,762.7329184,2016,222
WL,DeepHole,8/16/16,8/16/16 9:41,point,8,8,DIC,49.64098337,1079.771463,2016,229
WL,DeepHole,8/16/16,8/16/16 9:41,point,8,8,DIC,55.81239793,1133.784483,2016,229
WL,DeepHole,9/13/16,9/13/16 8:50,point,8,8,DIC,36.63308934,400.8946725,2016,257
WL,DeepHole,9/13/16,9/13/16 8:50,point,8,8,DIC,36.50219548,403.197649,2016,257
MO,DeepHole,5/15/18,5/15/18 10:30,point,4,4,DIC,1.847328965,0,2018,135
MO,DeepHole,5/15/18,5/15/18 10:30,point,4,4,DIC,1.768447494,0,2018,135
WL,DeepHole,5/15/18,5/15/18 10:30,point,3.5,3.5,DIC,23.88617596,0,2018,135
WL,DeepHole,5/15/18,5/15/18 10:30,point,3.5,3.5,DIC,22.21424963,0,2018,135
CR,DeepHole,5/21/18,5/21/18 10:30,point,3.5,3.5,DIC,0.942582176,13.40056093,2018,141
CR,DeepHole,5/21/18,5/21/18 10:30,point,3.5,3.5,DIC,0.941685883,0,2018,141
WL,DeepHole,5/22/18,5/22/18 8:50,point,3.5,3.5,DIC,17.15488252,0,2018,142
WL,DeepHole,5/22/18,5/22/18 8:50,point,3.5,3.5,DIC,18.04085559,0,2018,142
EL,DeepHole,5/22/18,5/22/18 10:30,point,3,3,DIC,1.516093648,0,2018,142
EL,DeepHole,5/22/18,5/22/18 10:30,point,3,3,DIC,1.555169073,0,2018,142
MO,DeepHole,6/11/18,6/11/18 9:49,point,4,4,DIC,45.93041232,0,2018,162
MO,DeepHole,6/11/18,6/11/18 9:49,point,4,4,DIC,49.84017079,0,2018,162
WL,DeepHole,6/12/18,6/12/18 8:30,point,8,8,DIC,51.27039293,0,2018,163
WL,DeepHole,6/12/18,6/12/18 8:30,point,8,8,DIC,44.47980579,0,2018,163
EL,DeepHole,6/12/18,6/12/18 10:10,point,8,8,DIC,18.43198396,0,2018,163
EL,DeepHole,6/12/18,6/12/18 10:10,point,8,8,DIC,15.05931073,0,2018,163
HB,DeepHole,6/15/18,6/15/18 12:30,point,4.5,4.5,DIC,61.57783665,0,2018,166
HB,DeepHole,6/15/18,6/15/18 12:30,point,4.5,4.5,DIC,60.88051212,0,2018,166
CR,DeepHole,6/18/18,6/18/18 8:47,point,9,9,DIC,1.03843334,0,2018,169
CR,DeepHole,6/18/18,6/18/18 8:47,point,9,9,DIC,0.951106238,0,2018,169
MO,DeepHole,6/25/18,6/25/18 9:30,point,4,4,DIC,114.8634519,0,2018,176
MO,DeepHole,6/25/18,6/25/18 9:30,point,4,4,DIC,124.6899895,0,2018,176
WL,DeepHole,6/26/18,6/26/18 8:30,point,8,8,DIC,52.7408855,0,2018,177
WL,DeepHole,6/26/18,6/26/18 8:30,point,8,8,DIC,45.77122303,0,2018,177
EL,DeepHole,6/26/18,6/26/18 10:20,point,8,8,DIC,21.78426312,0,2018,177
EL,DeepHole,6/26/18,6/26/18 10:20,point,8,8,DIC,20.24603658,0,2018,177
HB,DeepHole,6/29/18,6/29/18 8:30,point,4,4,DIC,71.27032408,492.9718328,2018,180
HB,DeepHole,6/29/18,6/29/18 8:30,point,4,4,DIC,73.084093,507.305453,2018,180
CR,DeepHole,6/29/18,6/29/18 10:15,point,7,7,DIC,0.846000886,278.4763214,2018,180
CR,DeepHole,6/29/18,6/29/18 10:15,point,7,7,DIC,0.677117053,288.7381412,2018,180
WL,DeepHole,7/3/18,7/3/18 11:10,point,8,8,DIC,50.42758061,489.7798079,2018,184
WL,DeepHole,7/3/18,7/3/18 11:10,point,8,8,DIC,49.67720038,492.2171237,2018,184
EL,DeepHole,7/3/18,7/3/18 12:10,point,8,8,DIC,32.63412096,384.6035545,2018,184
EL,DeepHole,7/3/18,7/3/18 12:10,point,8,8,DIC,32.50125299,377.6834487,2018,184
WL,DeepHole,7/17/18,7/17/18 9:30,point,8,8,DIC,54.65939229,462.1208709,2018,198
WL,DeepHole,7/17/18,7/17/18 9:30,point,8,8,DIC,52.79210078,457.5902548,2018,198
EL,DeepHole,7/17/18,7/17/18 11:00,point,8,8,DIC,92.43966672,475.3492038,2018,198
EL,DeepHole,7/17/18,7/17/18 11:00,point,8,8,DIC,81.31987239,439.043261,2018,198
CR,DeepHole,7/27/18,7/27/18 8:45,point,8,8,DIC,0.756695066,306.1832828,2018,208
CR,DeepHole,7/27/18,7/27/18 8:45,point,8,8,DIC,1.041825432,372.5174834,2018,208
HB,DeepHole,7/27/18,7/27/18 10:32,point,4.5,4.5,DIC,80.69915955,453.0020577,2018,208
HB,DeepHole,7/27/18,7/27/18 10:32,point,4.5,4.5,DIC,82.26390669,448.6420736,2018,208
WL,DeepHole,7/31/18,7/31/18 10:30,point,8,8,DIC,54.16676132,461.4834687,2018,212
WL,DeepHole,7/31/18,7/31/18 10:30,point,8,8,DIC,54.18969226,488.8523358,2018,212
EL,DeepHole,7/31/18,7/31/18 11:45,point,8,8,DIC,97.78845189,511.4854684,2018,212
EL,DeepHole,7/31/18,7/31/18 11:45,point,8,8,DIC,107.0868642,537.6379991,2018,212
WL,DeepHole,8/7/18,8/7/18 9:45,point,8,8,DIC,67.04344637,424.5399906,2018,219
WL,DeepHole,8/7/18,8/7/18 9:45,point,8,8,DIC,60.69593816,383.2670503,2018,219
EL,DeepHole,8/7/18,8/7/18 11:05,point,8,8,DIC,52.1262695,401.7069173,2018,219
EL,DeepHole,8/7/18,8/7/18 11:05,point,8,8,DIC,55.97312552,422.402129,2018,219
CR,DeepHole,8/9/18,8/9/18 8:45,point,10,10,DIC,2.929954236,0,2018,221
CR,DeepHole,8/9/18,8/9/18 8:45,point,10,10,DIC,3.34491239,0,2018,221
HB,DeepHole,8/9/18,8/9/18 10:50,point,4,4,DIC,62.01975035,0,2018,221
HB,DeepHole,8/9/18,8/9/18 10:50,point,4,4,DIC,55.26370333,0,2018,221
MO,DeepHole,8/9/18,8/9/18 11:45,point,6,6,DIC,425.4036319,2388.853395,2018,221
MO,DeepHole,8/9/18,8/9/18 11:45,point,6,6,DIC,365.0204227,2222.948574,2018,221
WL,DeepHole,8/14/18,8/14/18 8:30,point,8,8,DIC,88.17832205,0,2018,226
WL,DeepHole,8/14/18,8/14/18 8:30,point,8,8,DIC,88.87047975,0,2018,226
EL,DeepHole,8/14/18,8/14/18 8:30,point,8,8,DIC,63.19238017,0,2018,226
EL,DeepHole,8/14/18,8/14/18 8:30,point,8,8,DIC,43.0116483,0,2018,226
WL,DeepHole,8/21/18,8/21/18 10:00,point,8,8,DIC,70.85075396,0,2018,233
WL,DeepHole,8/21/18,8/21/18 10:00,point,8,8,DIC,78.16893286,0,2018,233
EL,DeepHole,8/21/18,8/21/18 10:00,point,8,8,DIC,64.65370214,0,2018,233
EL,DeepHole,8/21/18,8/21/18 10:00,point,8,8,DIC,66.47270526,0,2018,233
WL,DeepHole,8/28/18,8/28/18 8:00,point,8,8,DIC,108.0756546,0,2018,240
WL,DeepHole,8/28/18,8/28/18 8:00,point,8,8,DIC,111.7897342,0,2018,240
EL,DeepHole,8/28/18,8/28/18 10:00,point,8,8,DIC,69.42518248,0,2018,240
EL,DeepHole,8/28/18,8/28/18 10:00,point,8,8,DIC,70.45229187,0,2018,240
WL,DeepHole,5/8/19,5/8/19 11:00,point,8,8,DIC,1.909948846,423.325051,2019,128
WL,DeepHole,5/8/19,5/8/19 11:00,point,8,8,DIC,1.414166536,341.9657609,2019,128
WL,DeepHole,5/13/19,5/13/19 9:25,point,8,8,DIC,2.480173216,329.2440464,2019,133
WL,DeepHole,5/13/19,5/13/19 9:25,point,8,8,DIC,2.757022358,351.3464458,2019,133
CR,DeepHole,5/20/19,5/20/19 9:40,point,8,8,DIC,0.954940215,135.6727093,2019,140
CR,DeepHole,5/20/19,5/20/19 9:40,point,8,8,DIC,0.630082996,155.0101224,2019,140
HB,DeepHole,5/20/19,5/20/19 12:40,point,8,8,DIC,20.34335281,458.6588391,2019,140
HB,DeepHole,5/20/19,5/20/19 12:40,point,8,8,DIC,14.5962583,399.9017807,2019,140
WL,DeepHole,5/21/19,5/21/19 8:56,point,8,8,DIC,7.706601083,364.4613096,2019,141
WL,DeepHole,5/21/19,5/21/19 8:56,point,8,8,DIC,7.296137163,379.7389444,2019,141
MO,DeepHole,5/23/19,5/23/19 9:50,point,8,8,DIC,131.2104016,1913.647198,2019,143
MO,DeepHole,5/23/19,5/23/19 9:50,point,8,8,DIC,127.3639209,1787.287156,2019,143
WL,DeepHole,5/28/19,5/28/19 9:15,point,8,8,DIC,11.89099212,442.746456,2019,148
WL,DeepHole,5/28/19,5/28/19 9:15,point,8,8,DIC,10.36398258,417.2789799,2019,148
MO,DeepHole,6/3/19,6/3/19 10:10,point,6.5,6.5,DIC,99.14932279,1286.905453,2019,154
MO,DeepHole,6/3/19,6/3/19 10:10,point,6.5,6.5,DIC,113.824833,1400.62389,2019,154
WL,DeepHole,6/4/19,6/4/19 8:40,point,8,8,DIC,14.25684875,538.3839809,2019,155
WL,DeepHole,6/4/19,6/4/19 8:40,point,8,8,DIC,11.3016261,440.9351959,2019,155
HB,DeepHole,6/7/19,6/7/19 11:00,point,4,4,DIC,87.57760926,604.6996849,2019,158
HB,DeepHole,6/7/19,6/7/19 11:00,point,4,4,DIC,75.46062861,485.7485262,2019,158
CR,DeepHole,6/7/19,6/7/19 9:30,point,8.5,8.5,DIC,2.68482254,306.0982828,2019,158
CR,DeepHole,6/7/19,6/7/19 9:30,point,8.5,8.5,DIC,1.710027573,273.4624603,2019,158
WL,DeepHole,6/11/19,6/11/19 8:30,point,8,8,DIC,19.29386893,537.9791376,2019,162
WL,DeepHole,6/11/19,6/11/19 8:30,point,8,8,DIC,22.94056257,584.2046527,2019,162
WL,DeepHole,6/18/19,6/18/19 0:00,point,8,8,DIC,14.33952356,400.3496187,2019,169
WL,DeepHole,6/18/19,6/18/19 0:00,point,8,8,DIC,16.95550185,472.2374324,2019,169
CR,DeepHole,6/20/19,6/20/19 9:30,point,10.5,10.5,DIC,0.91218454,218.2788976,2019,171
CR,DeepHole,6/20/19,6/20/19 9:30,point,10.5,10.5,DIC,1.036389657,257.381066,2019,171
HB,DeepHole,6/21/19,6/21/19 9:30,point,4.5,4.5,DIC,78.66764029,599.9502367,2019,172
HB,DeepHole,6/21/19,6/21/19 9:30,point,4.5,4.5,DIC,76.22086733,598.1177805,2019,172
WL,DeepHole,6/25/19,6/25/19 8:30,point,8,8,DIC,30.76942928,540.7015137,2019,176
WL,DeepHole,6/25/19,6/25/19 8:30,point,8,8,DIC,27.66330086,484.6206764,2019,176
HB,DeepHole,7/1/19,7/1/19 8:30,point,4.5,4.5,DIC,1.417376774,67.46147626,2019,182
HB,DeepHole,7/1/19,7/1/19 8:30,point,4.5,5.5,DIC,75.16311968,559.6143469,2019,182
CR,DeepHole,7/1/19,7/1/19 10:30,point,10,10,DIC,1.417192464,342.3602365,2019,182
CR,DeepHole,7/1/19,7/1/19 10:30,point,10,10,DIC,1.2477323,259.331689,2019,182
WL,DeepHole,7/2/19,7/2/19 8:30,point,8,8,DIC,24.55357817,442.7133035,2019,183
WL,DeepHole,7/2/19,7/2/19 8:30,point,8,8,DIC,25.92199444,445.2310163,2019,183
MO,DeepHole,7/3/19,7/3/19 10:00,point,4,4,DIC,25.92057496,907.2002668,2019,184
MO,DeepHole,7/3/19,7/3/19 10:00,point,4,4,DIC,68.20998,1396.835396,2019,184
WL,DeepHole,7/9/19,7/9/19 8:30,point,8,8,DIC,27.22990542,459.0192588,2019,190
WL,DeepHole,7/9/19,7/9/19 8:30,point,8,8,DIC,25.64333792,435.2388333,2019,190
MO,DeepHole,7/15/19,7/15/19 9:45,point,4.5,4.5,DIC,132.0167604,1739.631405,2019,196
MO,DeepHole,7/15/19,7/15/19 9:45,point,4.5,4.5,DIC,113.2932242,1572.278004,2019,196
WL,DeepHole,7/16/19,7/16/19 8:30,point,8,8,DIC,38.72875278,517.424333,2019,197
WL,DeepHole,7/16/19,7/16/19 8:30,point,8,8,DIC,33.16919681,444.3507565,2019,197
CR,DeepHole,7/18/19,7/18/19 8:30,point,10.5,10.5,DIC,1.36844949,331.6606377,2019,199
CR,DeepHole,7/18/19,7/18/19 8:30,point,10.5,10.5,DIC,1.766813009,307.2818573,2019,199
HB,DeepHole,7/19/19,7/19/19 10:45,point,4,4,DIC,89.69096878,737.7674486,2019,200
HB,DeepHole,7/19/19,7/19/19 10:45,point,4,4,DIC,95.97871484,742.2752102,2019,200
WL,DeepHole,7/22/19,7/22/19 8:30,point,8,8,DIC,29.29744317,393.338807,2019,203
WL,DeepHole,7/22/19,7/22/19 8:30,point,8,8,DIC,28.97126874,381.7573854,2019,203
WL,DeepHole,7/30/19,7/30/19 8:40,point,8,8,DIC,38.3031291,399.4897207,2019,211
WL,DeepHole,7/30/19,7/30/19 8:40,point,8,8,DIC,48.55251979,498.2417847,2019,211
MO,DeepHole,7/31/19,7/31/19 9:40,point,4.5,4.5,DIC,198.3204641,1517.742018,2019,212
MO,DeepHole,7/31/19,7/31/19 9:40,point,4.5,4.5,DIC,186.5059277,1420.355309,2019,212
CR,DeepHole,7/31/19,7/31/19 10:50,point,9,9,DIC,1.945925646,339.1229527,2019,212
CR,DeepHole,7/31/19,7/31/19 10:50,point,9,9,DIC,0.979515807,326.9368504,2019,212
WL,DeepHole,8/6/19,8/6/19 8:34,point,8,8,DIC,48.68254311,460.7212735,2019,218
WL,DeepHole,8/6/19,8/6/19 8:34,point,8,8,DIC,49.70381934,479.1271507,2019,218
MO,DeepHole,8/12/19,8/12/19 9:45,point,4.5,4.5,DIC,154.7759116,1383.934002,2019,224
MO,DeepHole,8/12/19,8/12/19 9:45,point,4.5,4.5,DIC,162.2710959,1416.816452,2019,224
WL,DeepHole,8/13/19,8/13/19 8:45,point,8,8,DIC,40.30939869,403.0750247,2019,225
WL,DeepHole,8/13/19,8/13/19 8:45,point,8,8,DIC,36.53857984,365.5869168,2019,225
HB,DeepHole,8/14/19,8/14/19 10:40,point,4.5,4.5,DIC,132.223133,750.6176061,2019,226
HB,DeepHole,8/14/19,8/14/19 10:40,point,4.5,4.5,DIC,116.0558076,664.5313597,2019,226
CR,DeepHole,8/14/19,8/14/19 11:50,point,8,8,DIC,1.10396131,359.0759614,2019,226
CR,DeepHole,8/14/19,8/14/19 11:50,point,8,8,DIC,0.958156137,338.6135763,2019,226
WL,DeepHole,8/20/19,8/20/19 8:40,point,8,8,DIC,42.33732848,381.1043167,2019,232
WL,DeepHole,8/20/19,8/20/19 8:40,point,8,8,DIC,44.3563341,397.4948079,2019,232
WL,DeepHole,8/27/19,8/27/19 10:00,point,8,8,DIC,50.88720807,426.0832431,2019,239
WL,DeepHole,8/27/19,8/27/19 10:00,point,8,8,DIC,55.54356116,457.5965661,2019,239
